Employee Id, Full Name, Gender, Date of Birth, Joined Date, Salary (USD), Branch,
EN_0001, Aditi Musunur, Male, 1990-03-24, 2011-07-05,1500, Sri Lanka,
EN_0002, Advitiya Sujeet, Male, 1986-07-28, 2010-03-24,1600, Sri Lanka,
EN_0003, Alagesan Poduri, Male, 1982-05-25, 2016-06-24,1800, Sri Lanka,
EN_0004, Amrish Ilyas, Female, 1987-10-24, 2013-12-17,2000, India,
EN_0005, Aprativirya Seshan, Female, 1981-12-16, 2012-03-14,1750, India,
EN_0006, Asvathama Ponnada, Male, 1986-01-09, 2014-06-18,2300, Pakistan,
EN_0007, Avantas Ghosal, Female, 1981-10-05, 2016-08-26,4200, Pakistan,
EN_0008, Avidosa Vaisakhi, Male, 1980-08-09, 2018-03-05,3100, Bangladesh,
EN_0009, Barsati Sandipa, Male, 1988-04-09, 2011-05-03,2925, Bangladesh,
EN_0010, Debasis Sundhararajan, Female, 1990-03-26,5/18/2015,2800, Bangladesh, 
